{"schemaVersion":"1.0","appDefinitionTemplate":{"id":"/providers/Microsoft.PowerApps/apps/","type":"Microsoft.PowerApps/apps","tags":{"primaryDeviceWidth":"640","primaryDeviceHeight":"1136","supportsPortrait":"true","supportsLandscape":"true","primaryFormFactor":"Phone","showStatusBar":"false","publisherVersion":"3.25021.9","minimumRequiredApiVersion":"2.2.0","hasComponent":"false","hasUnlockedComponent":"false","isUnifiedRootApp":"false","sienaVersion":"20250219T125244Z-3.25021.9.0"},"properties":{"appVersion":"2025-02-19T14:11:31Z","lifeCycleId":"Published","createdByClientVersion":{"major":3,"minor":25021,"build":9,"revision":0,"majorRevision":0,"minorRevision":0},"minClientVersion":{"major":3,"minor":25021,"build":9,"revision":0,"majorRevision":0,"minorRevision":0},"backgroundColor":"RGBA(0,176,240,1)","backgroundImageUri":"/12950174469016975022/N56bf7e12-59cc-455d-983c-e84f1a450e7b-logoSmallFile","displayName":"NSMIT 3D Printing Inventory","commitMessage":"","appUris":{"documentUri":{"value":"/12950174469016975022/Neaa3867d-7dd7-42be-8a34-77c5b3b0a53d-document.msapp"},"imageUris":[],"additionalUris":[{"isSolutionAware":false,"value":"/12950174469016975022/N79cda4a9-bbc6-44f9-badd-f8d309b8e187-identity.json"}]},"createdTime":"0001-01-01T00:00:00Z","lastModifiedTime":"0001-01-01T00:00:00Z","sharedGroupsCount":0,"sharedUsersCount":0,"connectionReferences":{"414c6246-0599-4a7e-8245-d52089cd9d78":{"id":"b77495e5-168c-4b9f-9247-e1267e012db7","displayName":"SharePoint","iconUri":"https://conn-afd-prod-endpoint-bmc9bqahasf3grgk.b01.azurefd.net/releases/v1.0.1723/1.0.1723.3986/sharepointonline/icon.png","dataSources":["3D Print Material Inventory","NSM - IT 3D Print Inventory Equipment","3D Print Quantity","NSM - IT 3D Print Inventory Equipment_1"],"dependencies":[],"dependents":[],"parameterHints":{},"parameterHintsV2":{},"isOnPremiseConnection":false,"bypassConsent":false,"dataSets":{"https://uofh-my.sharepoint.com/personal/csimmond_cougarnet_uh_edu":{"dataSources":{"3D Print Material Inventory":{"tableName":"ab0d406a-a85c-43c1-adc9-b23ea0da36cf"}}},"https://uofh-my.sharepoint.com/personal/wgsayyed_cougarnet_uh_edu":{"dataSources":{"NSM - IT 3D Print Inventory Equipment":{"tableName":"e3c99b53-6cda-4d09-b9bc-cbe6fe1db3fa"},"3D Print Quantity":{"tableName":"98a81bc9-ce5e-4eb6-837d-79b32f17ff17"},"NSM - IT 3D Print Inventory Equipment_1":{"tableName":"e3c99b53-6cda-4d09-b9bc-cbe6fe1db3fa"}}}},"apiTier":"Standard","isCustomApiConnection":false,"actions":["providers/PowerPlatform.Governance/Operations/Read","providers/PowerPlatform.Governance/Operations/Write"]}},"databaseReferences":{"default.cds":{"databaseDetails":{"referenceType":"Environmental","environmentName":"default.cds","overrideValues":{"status":"NotSpecified","environmentVariableName":""}},"dataSources":{}}},"almMode":"Environment","performanceOptimizationEnabled":false,"canConsumeAppPass":false,"enableModernRuntimeMode":false,"executionRestrictions":{"isTeamsOnly":false,"dataLossPreventionEvaluationResult":{"status":"Compliant","lastEvaluationDate":"2025-01-17T22:34:41.1554488Z","violations":[],"violationsByPolicy":[],"violationErrorMessage":"The app uses the following connectors: shared_sharepointonline."}}},"isAppComponentLibrary":false,"appType":"ClassicCanvasApp","appComponents":[]}}